shop_code,shop_name,total_page,shop_id
eatsambel,Eat Sambel Official Shop,1,92396779
shrd.id,SHRD Indonesia Official Shop,1,167106407
officialroajudes,Sambel Roa Judes Official Shop,1,319336371
nestle_pure_life,Nestle Pure Life Official Shop,1,302241276
magiplanetid,Magi Planet Popcorn Official,1,31510656
drscalpofficialshop,Dr Scalp Official Shop,1,860438078
saffnco,SAFF & Co. Official Shop,1,267621044
beautyofjoseon.id,Beauty Of Joseon Official Store,1,931785217
aquaofficial,AQUA Official Shop,1,47694662
lookecosmeticsofficial,Looké Cosmetics Official Shop,1,272380989
embryolisse.official,Embryolisse Official Store,1,449603663
maicihofficialshop,Maicih Indonesia Official Shop,1,80016631
ovaltineofficial,Ovaltine Official Shop,1,433584779
hmnsperfume,HMNS Official Shop,1,190339326
capjempolofficial,Cap Ibu Jari Jempol Official Shop,1,94458008
pureitofficialstore,Unilever Pureit Official Shop,1,637838818
nankidofficialstore,NANKID Official Shop,1,165530757
red1official,RED1 Official Shop,1,8551004
olaif,Olaif Official Shop,1,564120000
gowellserealofficialstore,GoWell Sereal Official Shop,1,142422498
kindairyid,Kindairy ID Official Shop,2,229526123
sambalbudjui,Sambal Bu Djui Official Shop,1,230249552
gskofficialstore,GSK Official Shop,3,59844523
cbdprofessional,CBD Official Shop,2,283001143
alamonmilk,Alamonmilk Official Shop,2,31655725
vidoranofficialstore,Vidoran Official Shop,3,362094906
theoriginoteofficial,The Originote Official Shop,1,710619388
susubenderaofficial,Susu Bendera Official Shop,2,178189963
msglowformenofficialstore,MS GLOW FOR MEN Official Shop,2,218954892
jollytimeofficial,Jolly Time Official Shop,2,277994390
drdermisofficialstore,Dr.Dermis Official Shop,2,590331036
blackmoresofficialshop,Blackmores Official Shop,2,204176418
taysbakers,Tays Bakers Official Shop,2,10407804
zee_officialstore,Zee Official Shop,2,592965659
corinedefarme.id,Corine de Farme Official Shop,2,348245710
lador_id,La'dor Official Shop,2,302202503
aveneid,Eau Thermale Avene Official Shop,2,653655843
asahiofficialshop,AsaHi Official Shop,2,490623387
esqacosmetics,Esqa Cosmetics Official Shop,2,60328369
mr.crispy_official,MR.Crispy Official shop,2,239139865
lorealindonesia,L'Oréal Professionnel Indonesia Official Shop,2,62579622
apical.id,Apical Official Shop,1,274548853
confidenceofficial,Confidence Official Shop,2,482340088
dr.bronners,Dr Bronner's Indonesia Official Shop,2,299697001
cessa.official,Cessa Indonesia Official Shop,1,64798937
enervonofficial,Enervon Official Shop,2,237594367
sambalpecahofficialshop,Sambal Pecah Official Shop,2,133451397
indofood.beverages,Indofood Beverages Official Shop,2,254669600
blpbeauty,BLP Official Store,2,127651884
sebamedofficial,Sebamed Official Shop,2,142179990
skin1004officialstore,SKIN1004 Indonesia Official,2,555954448
azzuraofficialshop,Azzura Official Shop,2,431031985
wellness.suplemen,Wellness Indonesia Official Shop,2,417377949
kahfofficial,Kahf Official Shop,2,326487418
ultrajayaofficialstore,Ultrajaya Official Shop,2,81205338
unileverprofessional,Unilever Professional Official Shop,2,276953550
animateofficial.id,Animate Official Shop,2,565939420
sgm.official.store,SGM Official shop,2,76746647
lemonilo,Lemonilo Official Store,2,42185480
azarinecosmetic,Azarine Cosmetic Official Shop,2,80036545
bananaboatofficial,Banana Boat Official Shop,2,92653300
pedigree.id,Pedigree Official Shop,2,76616442
lactogrowofficialstore,Lactogrow Official Shop,2,165527568
cerelacofficialstore,Cerelac Official Shop,2,169223616
nutrilonofficialstore,Nutrilon Official Shop,2,75422406
maybellineindonesia,Maybelline Indonesia Official Store,2,62582411
bebelacofficialstore,Bebelac Official Shop,2,69979190
apotekmeditamamidi,Apotek Meditama Midi Bekasi by GoApotik,2,252323357
cerebrofort_official,Cerebrofort Official Shop,2,783010371
indocafeofficialstore,Indocafe Official Shop,2,392420513
duakelinciofficial,Dua Kelinci Official Shop,2,83707898
apotekbelawan,Apotek Belawan by GoApotik,2,270771447
kingsfisher,King's Fisher Official Shop,2,193515416
makeoverofficial,Make Over Official Shop,2,63984475
bioessenceofficialstore,Bio-Essence Official Shop,2,63822287
nushinushi.id,Nushinushi.id Official Store,2,438408733
mybaby_official_store,My Baby Official Shop,2,152263707
klikdoktersurabaya,KlikDokter Authorized Store Surabaya,2,521751152
procalgoldofficialstore,S-26 Procal GOLD OfficialStore,2,38018396
cetaphil_indonesia,Cetaphil Indonesia,2,11277516
caplangofficial,Cap Lang Official Shop,2,239461051
klarensofficial,Klarens Official Shop,2,393440584
kerlyprastika,Keetara Shop,2,127925945
backtonatur,Natur Official Store,2,38631574
kelloggs.id,Kellogg's Official Shop,2,23416962
pharosofficial,Pharos Official Shop,2,204185841
happyfit.id,Happyfit Official Shop,2,31866518
momami.official,MoMaMi Official Shop,2,225710616
sweetybabycare,Sweety Official Shop,2,211772104
dancowofficialstore,Dancow Official Shop,2,165522216
morinagaofficial,Morinaga Official Shop,2,184634917
qiyucollection,qiyucollection,2,4016638
agensemuaoofficial,AGEN SEMUA OFFICIAL,2,256364012
imboostofficial,Imboost Official Shop,2,161143541
starbucks.id,Starbucks Official Shop,2,404427969
larocheposayid,La Roche Posay Official Shop,2,433144176
marjan.official,Marjan Official Shop,2,206123261
happycathappydog,Happy Cat Happy Dog,2,2191405476
mayoraofficialstore,Mayora Official Shop,2,59510213
purbasariofficial,Purbasari Official Store,2,3741929
dearmebeauty,Dear Me Beauty Official Shop,2,45495764
unileverfoodsolution,Unilever Food Solutions Official,2,17850010
bayerofficial,Bayer Health Official Partner,2,58696021
bagusmart.id,Bagus Official Shop,2,38584222
pigeonindonesia,Pigeon Indonesia Official Shop,2,5497358
colgate_palmolive_official,Colgate Palmolive Official Shop,2,19351258
azharrezky,AZ MERCH,2,29840612
frisianflagofficial,Frisian Flag Official Shop,2,70448302
japfabestbekasi,Japfa Best Bekasi,2,271978739
mondelezofficial,"Oreo, Cadbury & Kraft Official",2,20090785
japfabestserpong,Japfa Best Serpong,2,260663057
japfabestjakarta,Japfa Best Official Shop,2,269483414
delfiofficial,Delfi Official Shop,2,318835972
apotekdelatinos,Apotek Delatinos by Goapotik,2,261899069
tempostore,Tempo Store Official Shop,2,53899123
heinzabc,Heinz ABC Indonesia Official Store,2,186718895
raksebelah,Rak Sebelah Official Shop,2,253578312
loccitaneofficialshop,L'Occitane Official Shop,2,88079439
nutrimart,Nutrimart,2,12656836
pzcussonsofficialstore,Cussons Official Shop,2,175473624
wiprounzaofficialshop,Wipro Unza Official Shop,2,63682929
apoteksiwalan,Apotek Siwalan by GoApotik,2,253111673
kapalapistore,Kapal Api Store Official Shop,2,24114453
sukahatimester,sukahatimester,2,306313761
freezyfresh.id,Freezy Fresh Official Shop,2,259292994
apotekkombi,Apotek Kombi by GoApotik,2,261458923
apoteksuryabandung,Apotek Surya Bandung by GoApotik,2,261906157
apotekcentrofarma,Apotek Centro Farma by GoApotik,2,254194651
freezyfresh.jakpus,Freezy Fresh Authorized Store Jakarta Pusat,2,398249023
freezyfresh.jakbar,Freezy Fresh Authorized Store Jakarta Barat,2,275598105
nivea.official.store,NIVEA Official Store,2,39283823
erhastoreofficialsurabaya,ERHASTORE OFFICIAL SURABAYA,2,902683666
freezyfresh.bogor,Freezy Fresh Authorized Store Bogor,2,266670855
hmart.id,H Mart Official Shop,2,224534553
johnsonnjohnson.id,Johnson & Johnson Official Shop,2,50708029
freezyfresh.bekasi,Freezy Fresh Authorized Store Bekasi,2,284608755
indofoodofficialshop,Indofood Official Shop,2,662865944
marthatilaarshop,Martha Tilaar Official Shop,2,34904037
supplierbumbu,Supplier Bumbu Surabaya,2,317179127
freezyfresh.depok,Freezy Fresh Authorized Store Depok,2,271983010
apotekklampisfarma,Apotek Klampis Farma by GoApotik,2,254167970
nestle.official.store,Nestle Indonesia,2,52733860
mitrasanabandung,Mitrasana Authorized Store Bandung,2,194886671
raja.susu,Raja Susu Official Shop,2,34554323
istanasusu,Istana Susu,2,28173323
thebodyshopofficial,The Body Shop Official,2,28053737
rumahrasa.store,Rumah Rasa,2,18426189
godrejindonesia,Godrej Indonesia Official Shop,2,73266191
dettolvanishharpic,Dettol Vanish & Harpic Store,2,6936785
kaoofficial,Kao Official Shop,2,36092728
asics_official,ASICS Official Shop,2,472404366
levisofficial,Levi's Official Store,2,132707782
klikdokterofficial,KlikDokter Official Shop,2,47410475
kinoofficial,KINO Official Shop,2,38301814
apotektowerfarma,Apotek Tower Farma by GoApotik,2,257886177
ervinameliawati,Rejeki Snack,2,13217892
mitrasana.surabaya,Mitrasana Authorized Store Surabaya,2,282973138
k24klik,K24Klik,2,78839503
centuryamboncitycenter,Century Authorized Store Ambon City Center,2,965001357
apoteksinarhusada,Apotek Sinar Husada by Goapotik,2,254198164
supergrosirmama,Super Grosir Mama Official Shop,2,253539695
apotekfarmasi3,Apotek Farmasi 3 by GoApotik,2,237573777
vitamindiskon,VitaminDiskon Official Shop,2,50972887
apoteksumberwuni,Apotek Sumber Wuni by GoApotik,2,253105497
mor.mart,MOR Mart,2,332732864
apoteksehatmandiri,Apotek Sehat Mandiri by GoApotik,2,262865624
apotekdandefarma,Apotek Dande Farma by Goapotik,2,253408445
apotekberkahmedica,Apotek Berkah Medica by Goapotik,2,267912965
apotekapollobandung,Apotek Apollo Bandung by GoApotik,2,261907356
snack.mazter,Snack Mazter,2,1521932
vivaapotekofficial,Viva Apotek Official Shop,2,309940894
apotekmarisehatmedan,Apotek Mari Sehat Medan By GoApotik,2,262859468
lottemart.indonesia,LOTTE MART Official Store,2,51700372
apotekmerapimandiri,Apotek Merapi Mandiri by GoApotik,2,267147911
apotekdukuhsetro,Apotek Dukuh Setro by GoApotik,2,257881455
farmaku,Farmaku Official Shop,2,36998337
retelaofficialshop,RETELA Official Shop,2,175375997
apotekk24bintangfarma,Apotek K24 Bintang Farma by GoApotik,2,237569362
apotekapollosurabaya,Apotek Apollo Surabaya by GoApotik,2,253100724
aptfarmamedika,Apotek Farmamedika by Goapotik,2,252038547
yogyaonlinesupermarket,Yogya Online Supermarket Official Shop,2,267061543
hypermart.cilegon,Hypermart Cilegon Authorized Store,2,313073708
favo.official,FAVO id Official Store,2,18163317
hypermart.ciputrapekanbaru,Hypermart Ciputra Pekanbaru Authorized Store,2,381753969
wingsofficialshop,Wings Official Shop,2,64474495
hypermart.singkawang,Hypermart Singkawang Authorized Store,2,422960591
hypermart.palopo,Hypermart Palopo Authorized Store,2,382298768
hypermart.arifrahmanhakim,Hypermart Arif Rahman Hakim Authorized Store,2,551926886
hypermart.gorontalo,Hypermart Gorontalo Authorized Store,2,382300998
hypermart.manadokairagi,Hypermart Manado Kairagi Authorized Store,2,381812576
hypermart.jcm,Hypermart Yogya City Mall Authorized Store,2,319997028
hypermart.banjarmasin,Hypermart Banjarmasin Authorized Store,2,382204768
hypermart.malang,Hypermart Malang Authorized Store,2,319997471
hypermart.sidoarjo,Hypermart Sidoarjo Authorized Store,2,313069733
hypermart.bigmallsamarinda,Hypermart Big Mall Samarinda Authorized Store,2,382297855
hypermart.cikarang,Hypermart Cikarang Authorized Store,2,313076204
hypermart.paragonmallsmg,Hypermart Paragon Authorized Store,2,319996246
hypermart.cianjur,Hypermart Cianjur Authorized Store,2,313076864
hypermart.hartonomalljogja,Hypermart Yogya Hartono Authorized Store,2,319996782
hypermart.pasoambon,Hypermart Paso Ambon Authorized Store,2,382302892
hypermart.ciputrapekanbaru,Hypermart Ciputra Pekanbaru Authorized Store,2,381753969
unileverindonesia,Unilever Indonesia Official Shop,2,14318452
hypermart.royal,Hypermart Royal Authorized Store,2,313067026
hypermart.citrarayatangerang,Hypermart Citra Raya Tangerang Authorized Store,2,525292591
hypermart.lubuklinggau,Hypermart Lubuk Linggau Authorized Store,2,381749657
hypermart.tanjungpinang,Hypermart Tanjung Pinang Authorized Store,2,381762535
hypermart.panakukang,Hypermart Panakukang Authorized Store,2,382298122
hypermart.batumalang,Hypermart Batu Malang Authorized Store,2,319997755
hypermart.bangka,Hypermart Bangka Authorized Store,2,381751334
hypermart.jayapura,Hypermart Jayapura Authorized Store,2,382303261
hypermart.kupangeltari,Hypermart Kupang El Tari Authorized Store,2,382301987
hypermart.jambi,Hypermart Jambi Authorized Store,2,381753293
hypermart.banjarbaru,Hypermart Banjarbaru Authorized Store,2,381815184
hypermart.ternate,Hypermart Ternate Authorized Store,2,382302428
hypermart.gresikmall,Hypermart Gresik Mall Authorized Storem,2,313077854
hypermart.hartonomallsolo,Hypermart Solo Hartono Authorized Store,2,319999499
hypermart.palembangsquare,Hypermart Palembang Square Authorized Store,2,393033644
aptmose,Apotek MOSE by Goapotik,2,267151102
hypermart.lombokepicentrum,Hypermart Lombok Epicentrum Authorized Store,2,381747159
hypermart.pekalongan,Hypermart Pekalongan Authorized Store,2,319999003
hypermart.foodjunction,Hypermart Food Junction Authorized Store,2,313066082
hypermart.kudus,Hypermart Kudus Authorized Store,2,319998719
hypermart.bengkulu,Hypermart Bengkulu Authorized Store,2,381751110
hypermart.madiun,Hypermart Madiun Authorized Store,2,369740411
primo.citos,Primo Cilandak Town Square Authorized Store,2,295435554
hypermart.sunplaza,Hypermart Sun Plaza Authorized Store,2,381811899
hypermart.pesonasquare,Hypermart Pesona Square Depok Authorized Store,2,393033227
hypermart.eastcoast,Hypermart East Coast Authorized Store,2,313068104
hypermart.baligaleria,Hypermart Bali Galeria Authorized Store,2,320001484
hypermart.pakuwon,Hypermart Pakuwon Authorized Store,2,313065287
hypermart.karawaci,Hypermart Karawaci Authorized Store,2,410847381
hypermart.toleiskandar,Hypermart Tole Iskandar Authorized Store,2,525291805
apotekmandjur,Apotek Mandjur Official Shop,2,550817455
century.citywalksudirman,Century Authorized Store Citywalk Sudirman,2,574059144
apotekdutafarma2,Apotek Duta Farma II by Goapotik,2,254167050
bayininja,BAYININJA,2,18282027
apotekjalanbaru,Apotek Jalan Baru by Goapotik,2,280166284
kedaimartofficial,KedaiMart Official Shop,2,267063888
alfadigital.id,ALFAMIDI OFFICIAL STORE,2,31205030
aeonsupermarket,AEON Supermarket Official Shop,2,258803749
watsonsid,Watsons Indonesia Official Shop,2,30736001
abbottindonesia,Abbott Official Store,2,27475286
abbotthealth,Abbott Health Official Shop,2,836740033
abcbatteryofficial,ABC Official Shop,2,35680799
americantouristerid,American Tourister Official Shop,2,305024492
astrogoods,Astro Goods Official Store,2,881142017
barenbliss,barenbliss Official Shop,2,481522314
itsmybase,BASE Official Shop,2,446026318
bootsofficial,Boots Official Shop,2,510901977
caudalieofficialstore,Caudalie ID Official Shop,2,769031545
centuryofficial,Century Health Official Shop,2,121791179
century.arthagading,Century Authorized Store Artha Gading,2,469552475
century.kotakasablanka,Century Authorized Store Kota Kasablanka,2,574057708
dewisrispaofficialstore,Dewi Sri Spa Official Shop,2,757736959
durexofficial,Reckitt Wellness Official,2,271993329
elsheskin_,ElsheSkin Official Shop,2,9035345
enesisofficialshop,Enesis Official Shop,2,78892667
enfastore,Enfa A+ Official Shop,2,46796711
erhaofficialstore,ERHASTORE OFFICIAL,2,129153987
excelsostore,Excelso Official Shop,2,292401891
indomie.official,Indomie Official Shop,2,133304525
innisfreeofficialshop,Innisfree Official Shop,2,61504589
kojiesanofficialindonesia,Kojie-San Official Shop,2,531855005
makarizo,Makarizo Official Shop,2,18102367
mamaschoiceid,Mama's Choice Official Shop,2,145504671
missdaisyindonesia,Miss Daisy Official Shop,2,332381969
momogiofficial,Momogi Official Shop,2,754378155
oemahherborist,Oemah Herborist Official Shop,2,2315394
pgofficialstore,P&G Official Store,2,11487927
royalcanin.id,Royal Canin Official Shop,2,91681758
philipsofficialshop,Philips Official Shop,2,438891817
safiofficialstore,Safi Official Shop,2,63823668
samsoniteindonesia,Samsonite Official Shop,2,492650266
sasa.official,Sasa Official Shop,2,142014424
senkaid,Senka by FineToday Official,2,138850166
skinfoodofficialshop,SKINFOOD Official Shop,2,631078110
skintific.indo,SKINTIFIC Official Shop,2,457706720
softexindonesia,Softex Indonesia Official,2,76985719
somethinc,SOMETHINC Official Shop,2,195455930
sudocrem.officia,Sudocrem Official Shop,2,886192709
verileofficialstore,Verile Official Store,2,975872659
wardahofficial,Wardah Official Shop,2,59763733
watsonsid,Watsons Indonesia Official Shop,2,30736001
garnierindonesia,Garnier Indonesia Official Shop,2,62583853
lorealprofessionnelid,Loreal Professionnel Indonesia Official Shop,2,212047723
ajinomoto.id,Ajinomoto Official Shop,2,61668240
budsorganics.id,Buds Organics Official Store,2,31523433
duabelibis,Dua Belibis Official Shop,2,59512114
konimexofficial,Konimex Store,2,63334771
mustela_indonesia,Mustela Indonesia Official Shop,2,145172939
purinastore,Nestle Purina Pet Care Official Shop,2,30432952
rosebrand,Rose Brand Official Store,2,42195663
simbacereal,Simba Official Shop,2,67400094
whiskas.id,Whiskas Official Shop,2,76617760
3m.id,3M Indonesia Official Shop,2,323543698
aptbintangsehat,Apotek Bintang Sehat by Goapotik,2,267143005
apoteklulusehat,Apotek Lulu Sehat by GoApotik,2,252000198
apotekmahameru,Apotek Mahameru by Goapotik,2,254165985
apotekmitrasehatjkt,Apotek Mitra Sehat Jakarta by GoApotik,2,261481768
apoteknssimpang,Apotek NS Simpang Grajakan,2,261903686
apotekprimabogor,Apotek Prima Bogor by GoApotik,2,237571170
apoteksejahteradepok,Apotek Sejahtera Depok by GoApotik,2,261902530
apotektamankedoya,Apotek Taman Kedoya by GoApotik,2,261491820
avoskinofficial,Avoskin Official Shop,2,154494405
goldensnack_official,Golden Snack Official,2,40079377
guardianofficial,Guardian Official Shop,2,186214521
indofooddapurcitarasa,Dapur Indofood Official Store,2,118896790
indomilkofficialstore,INDOMILK Official Shop,2,96557246
japfabestjakartautara,Japfa Best Jakarta Utara,2,261036309
japfabestjakartabarat,Japfa Best Jakarta Barat,2,269517313
japfabestbintaro,Japfa Best Bintaro,2,271977566
makarizo.professional,Makarizo Professional Official Shop,2,63954764
maskit.store,Maskit Store Official Shop,2,50545562
mclewis.id,Mc Lewis Official Shop,2,176929340
mitrasana.semarang,Mitrasana Authorized Store Semarang,2,250302706
morrisparfume,Morris Parfume Official Shop,2,108371280
dolcegustoid,NESCAFE Dolce Gusto Official Shop,2,217324515
realfoodofficial,Realfood Official Shop,2,214363833
aeonsupermarket,AEON Supermarket Official Shop,2,258803749
apteksotika,Apotek Eksotika by GoApotik,2,285708636
apotekkasuari,Apotek Kasuari by GoApotik,2,285706142
apotekpalmeriam,Apotek Palmeriam by GoApotik,2,270772538
bimoli.official,Bimoli Official Shop,2,307978001
guele,Guèle Official Shop,2,180536873
nuxeofficialid,Nuxe Indonesia Official,2,296630661
freezyfresh.bandung,Freezy Fresh Authorized Store Bandung,2,292016842
freezyfresh.jakut,Freezy Fresh Authorized Store Jakarta Utara,2,313742424
freezyfresh.tangerang,Freezy Fresh Authorized Store Tangerang,2,284619799
hypermart.abepura,Hypermart Abepura Authorized Store,2,382304142
hypermart.ciputraworldsurabaya,Hypermart Ciputra World Surabaya Authorized Store,2,551927557
hypermart.ciledug,Hypermart Ciledug Authorized Store,2,562676920
hypermart.cimanggisdua,Hypermart Cimanggis 2 Authorized Store,2,562677450
hypermart.kendari,Hypermart Kendari Authorized Store,2,382300313
hypermart.melatimas,Hypermart Melati Mas Authorized Store,2,526983456
hypermart.palu2,Hypermart Palu 2 Authorized Store,2,382299725
hypermart.tamanyasmin,Hypermart Taman Yasmin Authorized Store,2,562616824
hypermart.cirebon,Hypermart Cirebon Authorized Store,2,319998056
hypermart.kediri,Hypermart Kediri Authorized Store,2,320000233
hypermart.mtcbandung,Hypermart MTC Bandung Authorized Store,2,313072843
hypermart.serang,Hypermart Serang Authorized Store,2,313074462
hypermart.solosquare,Hypermart Solo Square Authorized Store,2,320001199
hypermart.balikpapanpentacity,Hypermart Balikpapan Pentacity Authorized Store,2,381817632
hypermart.jember,Hypermart Jember Authorized Store,2,394883689
hypermart.manadots,Hypermart Manado TS Authorized Store,2,381749965
hypermart.palangkaraya,Hypermart Palangkaraya Authorized Store,2,381813610
hypermart.pekanbaruska,Hypermart Pekanbaru SKA Authorized Store,2,410848458
hypermart.pontianak,Hypermart Pontianak Authorized Store,2,381813277
rolloverreaction,Rollover Reaction Official Shop,2,80079301
whitelab,Whitelab Official Shop,2,201071840
scarlettofficialshop,Scarlett Whitening Official Shop,2,255365082
luxcrime,Luxcrime Official Shop,2,3278276
blpbeauty,BLP Official Store,2,127651884
buttonscarvesofficial,Buttonscarves Official Shop,2,83739023
adidasindonesia,adidas Official Shop,2,270510657
ventela.lnc,Ventela,2,111111853
compass.store,Compass Official Store,2,218621911
guessofficialstore,Guess Official Store,2,242857160
kidzstationofficial,Kidz Station Official Shop,2,230978434
sportsstationofficialshop,Sports Station Official Shop,2,234490784
terrypalmerid,Terry Palmer Indonesia,2,133323033
mothercare.elc,Mothercare Official Store,2,61516207
justice.official,Justice Official Shop,2,240229762
gingersnaps.official,Gingersnaps Official Shop,2,242586087
vanillahijabofficial,vanillahijabofficial,2,93699117
shopatvelvet,shopatvelvet Official Shop,2,83088067
thisisapril,THIS IS APRIL Official Shop,2,60731464
voovaindonesiaofficialstore,Voova Indonesia Official Shop,2,748840701
lionstar.id,Lion Star Official Shop,2,121802576
gm_bear,GM Bear Official Shop,2,149205613
dysonofficialstore,Dyson Official Shop,2,317011437
electroluxindonesia,Electrolux Official Shop,2,182072779
kitchenaid,KitchenAid Official Shop,2,28713077
lgofficialshopm,LG Indonesia Official Shop,2,120953039
delonghiofficial,Delonghi Official Shop,2,240805014
gree.id,Gree Official Store,2,57328541
mideaofficial,Midea Official Shop,2,261960113
grohe.id,Grohe Official Shop,2,419983792
totosuryapertiwi,TOTO Official Shop,2,21982827
gaaborofficialshop,Gaabor Official Shop,2,510291426
philipslighting,Philips Lighting Official Shop,2,30082703
oxone.official,Oxone Official Shop,2,133513066
kirinindonesia,Kirin Official Shop,2,55056971
locknlock.id,LocknLock Indonesia Official Store,2,13192620
boldeofficialstore,BOLDe Official Store,2,72109688
debellinpremiumcookware,Debellin Premium Cookware,2,29644733
maxim.officialstore,Maxim Official Store,2,20296128
moegenindonesia,MOEGEN Official Shop,2,158942788
freemir.original.store,freemir Original Store,2,184657283
steincookware,Stein Official Shop,2,198711704
tokovicenza,Vicenza Official Store,2,41151464
hafele.indo,HAFELE Official Store,2,192711047
lenovo.id,Lenovo Computer Official Shop,2,26026296
coocaa.official.store,Coocaa Official Store,2,39406064
samsung.official,Samsung Official Shop,2,52635036
acer.official.id,Acer Official Store,2,37968209
asusofficialshop,Asus Official Shop,2,54873248
miyako.official,Miyako Official Shop,2,77534341
yongmamagicinlife,YONG MA Official Shop,2,98552902
polytron.id,Polytron Official Store,2,35357809
mitoelectronic,Mito Electronic Official Shop,2,24544583
advan.id,Advan Official Store,2,30232273
tclindonesia,TCL Official Shop,2,227074971
xiaomi.official.id,Xiaomi Official Store,2,51925611
sankenofficial,Sanken Official Shop,2,59886651